-- Chronicle data dump from C:\Users\boose\projects\familyapp\apps\web\.pglite\dev
SET session_replication_role = replica;

-- accounts (5)
INSERT INTO "accounts" ("id", "auth_provider_user_id", "email", "display_name", "active", "created_at", "updated_at") VALUES ('a5aa591c-0849-4ced-b46e-8ac18fd628bc', 'dev:eleanor', 'eleanor@example.test', 'Eleanor Boudreaux', 'true', '2026-06-30 04:14:33.96+00', '2026-06-30 04:14:33.96+00');
INSERT INTO "accounts" ("id", "auth_provider_user_id", "email", "display_name", "active", "created_at", "updated_at") VALUES ('f9cce98f-9c03-4a95-924e-299714a19365', 'dev:sofia', 'sofia@example.test', 'Sofia Boudreaux', 'true', '2026-06-30 04:14:33.966+00', '2026-06-30 04:14:33.966+00');
INSERT INTO "accounts" ("id", "auth_provider_user_id", "email", "display_name", "active", "created_at", "updated_at") VALUES ('f3ee6c8d-3e5e-46ff-86de-61e2b0a82540', 'dev:marco', 'marco@example.test', 'Marco Boudreaux', 'true', '2026-06-30 04:14:33.972+00', '2026-06-30 04:14:33.972+00');
INSERT INTO "accounts" ("id", "auth_provider_user_id", "email", "display_name", "active", "created_at", "updated_at") VALUES ('0167fdf9-d059-4694-b137-bd5dcbc34deb', 'dev:theo', 'theo@example.test', 'Theo Marchetti', 'true', '2026-06-30 04:14:34.254+00', '2026-06-30 04:14:34.254+00');
INSERT INTO "accounts" ("id", "auth_provider_user_id", "email", "display_name", "active", "created_at", "updated_at") VALUES ('4b36d9ab-a788-4a7e-94d4-6cfb062a6e38', 'user_3Fq4NDKlgegwRpAHngwaR6IUWNe', 'eleanor+clerk_test@example.com', 'Eleanor Boudreaux', 'true', '2026-06-30 15:19:06.935+00', '2026-06-30 15:19:06.935+00');

-- asks (4)
INSERT INTO "asks" ("id", "asker_person_id", "target_person_id", "family_id", "question_text", "status", "story_id", "created_at", "routed_at", "answered_at", "updated_at") VALUES ('4c9e14c7-a7c1-4be0-aa5e-357abc734696', '96c3abf0-3a5c-49a2-bd90-ab178a9d8c91', '94a20bc4-365c-43c9-81fe-1e0824663666', '8135284c-0861-426d-a514-4aef740e70c8', 'Grandma, what''s your earliest memory of your own grandmother?', 'queued', NULL, '2026-06-30 04:14:34.011+00', NULL, NULL, '2026-06-30 04:14:34.011+00');
INSERT INTO "asks" ("id", "asker_person_id", "target_person_id", "family_id", "question_text", "status", "story_id", "created_at", "routed_at", "answered_at", "updated_at") VALUES ('01ebf343-39ae-4451-a823-dbcf17eea277', '96c3abf0-3a5c-49a2-bd90-ab178a9d8c91', '94a20bc4-365c-43c9-81fe-1e0824663666', '8135284c-0861-426d-a514-4aef740e70c8', 'What''s the best meal you remember from your childhood? Can you describe it?', 'queued', NULL, '2026-06-30 04:14:34.023+00', NULL, NULL, '2026-06-30 04:14:34.023+00');
INSERT INTO "asks" ("id", "asker_person_id", "target_person_id", "family_id", "question_text", "status", "story_id", "created_at", "routed_at", "answered_at", "updated_at") VALUES ('f656d62d-29fc-4f56-9755-d2a77a1a1674', 'a1c75cc5-9d1a-45b4-808b-73ca7e71881f', '94a20bc4-365c-43c9-81fe-1e0824663666', '8135284c-0861-426d-a514-4aef740e70c8', 'Tell me about a time you felt really proud of one of your children.', 'queued', NULL, '2026-06-30 04:14:34.037+00', NULL, NULL, '2026-06-30 04:14:34.037+00');
INSERT INTO "asks" ("id", "asker_person_id", "target_person_id", "family_id", "question_text", "status", "story_id", "created_at", "routed_at", "answered_at", "updated_at") VALUES ('8ab35990-08af-41d5-8fb6-378ae4ab9fe6', 'a1c75cc5-9d1a-45b4-808b-73ca7e71881f', '94a20bc4-365c-43c9-81fe-1e0824663666', '8135284c-0861-426d-a514-4aef740e70c8', 'What do you wish you''d known when you were twenty years old?', 'queued', NULL, '2026-06-30 04:14:34.058+00', NULL, NULL, '2026-06-30 04:14:34.058+00');

-- consent_records (5)
INSERT INTO "consent_records" ("id", "seq", "person_id", "story_id", "scope", "action", "resulting_state", "approval_audio_media_id", "actor_person_id", "created_at") VALUES ('7b3aa319-0caf-4987-9221-4488291f0b53', '1', '94a20bc4-365c-43c9-81fe-1e0824663666', 'cbd7309a-1d00-46de-b63f-15c16a782260', NULL, 'approved_for_sharing', 'shared', '64edac09-1464-4a70-898f-41bf3a25632a', '94a20bc4-365c-43c9-81fe-1e0824663666', '2026-06-30 04:14:34.366+00');
INSERT INTO "consent_records" ("id", "seq", "person_id", "story_id", "scope", "action", "resulting_state", "approval_audio_media_id", "actor_person_id", "created_at") VALUES ('e2195c17-1b34-4e89-8472-6386cc5f40cc', '2', '94a20bc4-365c-43c9-81fe-1e0824663666', '4622e593-b45a-495c-ab83-23b83b4047d0', NULL, 'approved_for_sharing', 'shared', 'e5cd2aae-5bc4-441f-b38d-46308dac8aca', '94a20bc4-365c-43c9-81fe-1e0824663666', '2026-06-30 04:14:34.424+00');
INSERT INTO "consent_records" ("id", "seq", "person_id", "story_id", "scope", "action", "resulting_state", "approval_audio_media_id", "actor_person_id", "created_at") VALUES ('5dbadc12-2927-4090-a384-c24e9e90f22a', '3', '94a20bc4-365c-43c9-81fe-1e0824663666', '2989a033-a201-4983-bdef-9a7cf9d14dd6', NULL, 'approved_for_sharing', 'shared', 'e0b29112-b3dd-4b35-a264-49eec8ccfda1', '94a20bc4-365c-43c9-81fe-1e0824663666', '2026-06-30 04:14:34.468+00');
INSERT INTO "consent_records" ("id", "seq", "person_id", "story_id", "scope", "action", "resulting_state", "approval_audio_media_id", "actor_person_id", "created_at") VALUES ('61d9aad3-284f-41f2-b795-79a50bf8145e', '4', '94a20bc4-365c-43c9-81fe-1e0824663666', '586f96b5-182f-4f6b-83a1-37d355efe2e5', NULL, 'approved_for_sharing', 'shared', 'dbac5908-000f-4cf8-bd92-3d0d393ef1df', '94a20bc4-365c-43c9-81fe-1e0824663666', '2026-06-30 04:14:34.515+00');
INSERT INTO "consent_records" ("id", "seq", "person_id", "story_id", "scope", "action", "resulting_state", "approval_audio_media_id", "actor_person_id", "created_at") VALUES ('fafc2ecd-43cf-42d1-926e-7371030349bd', '5', '94a20bc4-365c-43c9-81fe-1e0824663666', 'd708360a-f737-4936-a0fa-0d2db02c529e', NULL, 'approved_for_sharing', 'shared', 'b253f425-448d-4265-89c4-999a18d58beb', '94a20bc4-365c-43c9-81fe-1e0824663666', '2026-06-30 04:14:34.561+00');

-- families (1)
INSERT INTO "families" ("id", "name", "description", "discoverable", "creator_person_id", "steward_person_id", "created_at") VALUES ('8135284c-0861-426d-a514-4aef740e70c8', 'Boudreaux', 'The Boudreaux family of Lafayette, Louisiana — teachers, railroad workers, and storytellers since the 1940s.', 'true', '96c3abf0-3a5c-49a2-bd90-ab178a9d8c91', '96c3abf0-3a5c-49a2-bd90-ab178a9d8c91', '2026-06-30 04:14:33.99+00');

-- invitations (1)
INSERT INTO "invitations" ("id", "token_hash", "family_id", "inviter_person_id", "invitee_name", "invitee_email", "relationship_label", "role", "status", "accepted_person_id", "expires_at", "accepted_at", "created_at") VALUES ('f3e55a76-701d-4e38-a8a6-b3d03d117eee', '759fef9e59fc153006bfa709f73a24b159e1e6c93a3096355075f737846cb318', '8135284c-0861-426d-a514-4aef740e70c8', '96c3abf0-3a5c-49a2-bd90-ab178a9d8c91', 'Maya Boudreaux', 'maya@example.test', 'Sofia''s cousin', 'member', 'pending', NULL, '2026-07-14 04:14:34.308+00', NULL, '2026-06-30 04:14:34.308+00');

-- join_requests (1)
INSERT INTO "join_requests" ("id", "family_id", "requester_person_id", "message", "status", "decided_by_person_id", "resulting_membership_id", "decided_at", "created_at") VALUES ('acf615f7-5b7e-4a0f-8f21-18af04fff772', '8135284c-0861-426d-a514-4aef740e70c8', '0f9212a2-80fb-4648-9814-a32b56ec079d', 'Hi Sofia — I''m your cousin Theo from the Marchetti side, hoping to follow Eleanor''s stories.', 'pending', NULL, NULL, NULL, '2026-06-30 04:14:34.293+00');

-- link_sessions (1)
INSERT INTO "link_sessions" ("id", "token_hash", "person_id", "family_id", "invited_by_person_id", "expires_at", "revoked_at", "created_at", "last_used_at") VALUES ('af19312d-896b-4ee1-9c27-c36e2b22a654', '73cf9e40167d96d1760872eb3ad4d4bf23ebc7f784a54674f81a6d4634b07edc', '94a20bc4-365c-43c9-81fe-1e0824663666', '8135284c-0861-426d-a514-4aef740e70c8', '96c3abf0-3a5c-49a2-bd90-ab178a9d8c91', '2026-07-30 04:14:34.32+00', NULL, '2026-06-30 04:14:34.321+00', NULL);

-- media (11)
INSERT INTO "media" ("id", "owner_person_id", "kind", "storage_key", "content_type", "duration_seconds", "checksum", "created_at") VALUES ('1b82b31b-d036-45ee-b3c4-7cf50f5dd928', '94a20bc4-365c-43c9-81fe-1e0824663666', 'story_audio', 'story-audio/94a20bc4-365c-43c9-81fe-1e0824663666/c23e8e4b-7eaf-439b-be4e-1390bb0e6ce1.wav', 'audio/wav', '1', 'seed:16044:f1a49abd-0605-4879-9c55-9868f52c8e88', '2026-06-30 04:14:34.07+00');
INSERT INTO "media" ("id", "owner_person_id", "kind", "storage_key", "content_type", "duration_seconds", "checksum", "created_at") VALUES ('42cedf78-0a06-4dee-8575-58432deefa90', '94a20bc4-365c-43c9-81fe-1e0824663666', 'story_audio', 'story-audio/94a20bc4-365c-43c9-81fe-1e0824663666/a9b277d2-26ea-4dec-9e98-4a8feb504193.wav', 'audio/wav', '1', 'seed:16044:dd686cd7-611f-4cf3-b2e9-bd3b91ead250', '2026-06-30 04:14:34.345+00');
INSERT INTO "media" ("id", "owner_person_id", "kind", "storage_key", "content_type", "duration_seconds", "checksum", "created_at") VALUES ('64edac09-1464-4a70-898f-41bf3a25632a', '94a20bc4-365c-43c9-81fe-1e0824663666', 'approval_audio', 'approval-audio/94a20bc4-365c-43c9-81fe-1e0824663666/7e703d64-55e5-4051-a974-8919de355296.wav', 'audio/wav', '1', 'seed:16044:a58cd455-d343-494a-bc6d-c354b8abf19f', '2026-06-30 04:14:34.366+00');
INSERT INTO "media" ("id", "owner_person_id", "kind", "storage_key", "content_type", "duration_seconds", "checksum", "created_at") VALUES ('047fd6e7-a266-4f88-b332-a012243bf9fd', '94a20bc4-365c-43c9-81fe-1e0824663666', 'story_audio', 'story-audio/94a20bc4-365c-43c9-81fe-1e0824663666/69fc8027-70b4-43e8-9d04-e335acc9c32b.wav', 'audio/wav', '1', 'seed:16044:702bee31-d6b2-43e9-8cf9-8295dd86223b', '2026-06-30 04:14:34.395+00');
INSERT INTO "media" ("id", "owner_person_id", "kind", "storage_key", "content_type", "duration_seconds", "checksum", "created_at") VALUES ('e5cd2aae-5bc4-441f-b38d-46308dac8aca', '94a20bc4-365c-43c9-81fe-1e0824663666', 'approval_audio', 'approval-audio/94a20bc4-365c-43c9-81fe-1e0824663666/9fce5de4-98c3-4459-96cf-8b9580faf13b.wav', 'audio/wav', '1', 'seed:16044:65870acc-f186-417f-a002-7448c9a3dc89', '2026-06-30 04:14:34.424+00');
INSERT INTO "media" ("id", "owner_person_id", "kind", "storage_key", "content_type", "duration_seconds", "checksum", "created_at") VALUES ('da3cefcd-6a51-4540-8f1f-26ada04d0cf9', '94a20bc4-365c-43c9-81fe-1e0824663666', 'story_audio', 'story-audio/94a20bc4-365c-43c9-81fe-1e0824663666/4c42e21c-e0b6-4358-bfff-d528762b959f.wav', 'audio/wav', '1', 'seed:16044:87900a3d-e588-4768-8159-797ea81e1ef4', '2026-06-30 04:14:34.446+00');
INSERT INTO "media" ("id", "owner_person_id", "kind", "storage_key", "content_type", "duration_seconds", "checksum", "created_at") VALUES ('e0b29112-b3dd-4b35-a264-49eec8ccfda1', '94a20bc4-365c-43c9-81fe-1e0824663666', 'approval_audio', 'approval-audio/94a20bc4-365c-43c9-81fe-1e0824663666/81d004ae-c66a-4015-8ecf-00c6206f111f.wav', 'audio/wav', '1', 'seed:16044:de7d5672-7287-4142-b846-2663b92d7fb2', '2026-06-30 04:14:34.468+00');
INSERT INTO "media" ("id", "owner_person_id", "kind", "storage_key", "content_type", "duration_seconds", "checksum", "created_at") VALUES ('f8322a92-5d28-44a6-a64b-0a4ae8a06339', '94a20bc4-365c-43c9-81fe-1e0824663666', 'story_audio', 'story-audio/94a20bc4-365c-43c9-81fe-1e0824663666/050fa712-e129-4a64-88a4-53f5f1ee0d86.wav', 'audio/wav', '1', 'seed:16044:d73c75b4-8903-452d-b054-4650a740399e', '2026-06-30 04:14:34.491+00');
INSERT INTO "media" ("id", "owner_person_id", "kind", "storage_key", "content_type", "duration_seconds", "checksum", "created_at") VALUES ('dbac5908-000f-4cf8-bd92-3d0d393ef1df', '94a20bc4-365c-43c9-81fe-1e0824663666', 'approval_audio', 'approval-audio/94a20bc4-365c-43c9-81fe-1e0824663666/64d49b2d-b1ba-4bd1-a31c-c57506e0220e.wav', 'audio/wav', '1', 'seed:16044:ddfe989f-560f-4bda-88ad-8723dfef5d63', '2026-06-30 04:14:34.515+00');
INSERT INTO "media" ("id", "owner_person_id", "kind", "storage_key", "content_type", "duration_seconds", "checksum", "created_at") VALUES ('e07fddb6-5ed9-4b4f-9b0a-c3b8e51f186f', '94a20bc4-365c-43c9-81fe-1e0824663666', 'story_audio', 'story-audio/94a20bc4-365c-43c9-81fe-1e0824663666/c4e77d1a-f181-49ff-a4d2-85a531cf8406.wav', 'audio/wav', '1', 'seed:16044:70648488-87ac-4d02-819d-891a8a510357', '2026-06-30 04:14:34.537+00');
INSERT INTO "media" ("id", "owner_person_id", "kind", "storage_key", "content_type", "duration_seconds", "checksum", "created_at") VALUES ('b253f425-448d-4265-89c4-999a18d58beb', '94a20bc4-365c-43c9-81fe-1e0824663666', 'approval_audio', 'approval-audio/94a20bc4-365c-43c9-81fe-1e0824663666/302af020-cb99-45cf-9720-0768ee2d999f.wav', 'audio/wav', '1', 'seed:16044:ea714249-ca92-4a24-8766-4cf7bede1f34', '2026-06-30 04:14:34.561+00');

-- memberships (3)
INSERT INTO "memberships" ("id", "person_id", "family_id", "role", "status", "started_at", "ended_at", "created_at", "updated_at") VALUES ('c35bbd82-7e5f-453f-8071-2459ebecf78e', '94a20bc4-365c-43c9-81fe-1e0824663666', '8135284c-0861-426d-a514-4aef740e70c8', 'narrator', 'active', '2026-06-30 04:14:33.995+00', NULL, '2026-06-30 04:14:33.995+00', '2026-06-30 04:14:33.995+00');
INSERT INTO "memberships" ("id", "person_id", "family_id", "role", "status", "started_at", "ended_at", "created_at", "updated_at") VALUES ('0828bdff-a70f-4743-97d2-a15a091a56a9', '96c3abf0-3a5c-49a2-bd90-ab178a9d8c91', '8135284c-0861-426d-a514-4aef740e70c8', 'member', 'active', '2026-06-30 04:14:33.995+00', NULL, '2026-06-30 04:14:33.995+00', '2026-06-30 04:14:33.995+00');
INSERT INTO "memberships" ("id", "person_id", "family_id", "role", "status", "started_at", "ended_at", "created_at", "updated_at") VALUES ('191df36e-fd48-48c7-a5cf-3fb5cd937fae', 'a1c75cc5-9d1a-45b4-808b-73ca7e71881f', '8135284c-0861-426d-a514-4aef740e70c8', 'steward', 'active', '2026-06-30 04:14:33.995+00', NULL, '2026-06-30 04:14:33.995+00', '2026-06-30 04:14:33.995+00');

-- mock_auth_users (4)
INSERT INTO "mock_auth_users" ("id", "email", "password_hash", "auth_provider_user_id", "created_at") VALUES ('393fb64e-4d1c-43c2-9117-e6075b1fe8bc', 'eleanor@example.test', 'scrypt$c6dce2ee4dfe758a648a66d66c71a81c$3a0e2d8168c0aa2c52649f0b1471bccd81e5c8d31b35e26129a878e6f229d82b990acc83da262f7531d1f1acb5556699ada5a5f15ccac107eb583a6e061072d0', 'dev:eleanor', '2026-06-30 04:14:34.155+00');
INSERT INTO "mock_auth_users" ("id", "email", "password_hash", "auth_provider_user_id", "created_at") VALUES ('a6c8c2e9-91ad-4daf-9606-5b41ef03bc6b', 'sofia@example.test', 'scrypt$0f63d4da6339973c3fb5ea77645096e2$ec049338394a1ab4744a8ce95fafe11dccaef9a5e106661bcf85dfe50982e97d3ef34f06eab180d14342b58e52b06ce87048c614e5a16ac69e23bfab644c91cb', 'dev:sofia', '2026-06-30 04:14:34.19+00');
INSERT INTO "mock_auth_users" ("id", "email", "password_hash", "auth_provider_user_id", "created_at") VALUES ('0700d2fb-7c2c-4da3-a675-c40f4b6ddcfc', 'marco@example.test', 'scrypt$59bfad7dd6bfdc4dfe8329e8f7aa4b31$236c1b1d51efe55102108ae367180219eba83d064d5492f9361d14827a29803a748a06820a7153e86dfe6729743044e7e588121d9c6fdd7403737b4d21d1963d', 'dev:marco', '2026-06-30 04:14:34.228+00');
INSERT INTO "mock_auth_users" ("id", "email", "password_hash", "auth_provider_user_id", "created_at") VALUES ('7b8816b2-7777-4caf-a994-de5a56e3f599', 'theo@example.test', 'scrypt$c5181ae21df892848f04eb435e7f7d42$ae19d4c956a7045eac41991d22c7673a9a8bf8c8a0f14b487a4d871a29321a5b378cf1c2ac8c0fcf769ad47387a68b56b7f1019c12ee431dfc635b714b4f0abd', 'dev:theo', '2026-06-30 04:14:34.29+00');

-- persons (5)
INSERT INTO "persons" ("id", "display_name", "spoken_name", "birth_year", "birth_date", "onboarded_at", "biographical_anchors", "life_status", "account_id", "created_at", "updated_at") VALUES ('94a20bc4-365c-43c9-81fe-1e0824663666', 'Eleanor Boudreaux', 'Eleanor', '1942', '1942-05-10', '2026-06-30 04:14:34.234+00', '{"hometown": "Lafayette, Louisiana"}', 'living', 'a5aa591c-0849-4ced-b46e-8ac18fd628bc', '2026-06-30 04:14:33.93+00', '2026-06-30 04:14:33.93+00');
INSERT INTO "persons" ("id", "display_name", "spoken_name", "birth_year", "birth_date", "onboarded_at", "biographical_anchors", "life_status", "account_id", "created_at", "updated_at") VALUES ('96c3abf0-3a5c-49a2-bd90-ab178a9d8c91', 'Sofia Boudreaux', 'Sofia', '1988', '1988-03-12', '2026-06-30 04:14:34.237+00', '{}', 'living', 'f9cce98f-9c03-4a95-924e-299714a19365', '2026-06-30 04:14:33.949+00', '2026-06-30 04:14:33.949+00');
INSERT INTO "persons" ("id", "display_name", "spoken_name", "birth_year", "birth_date", "onboarded_at", "biographical_anchors", "life_status", "account_id", "created_at", "updated_at") VALUES ('a1c75cc5-9d1a-45b4-808b-73ca7e71881f', 'Marco Boudreaux', 'Marco', '1985', '1985-07-22', '2026-06-30 04:14:34.24+00', '{}', 'living', 'f3ee6c8d-3e5e-46ff-86de-61e2b0a82540', '2026-06-30 04:14:33.955+00', '2026-06-30 04:14:33.955+00');
INSERT INTO "persons" ("id", "display_name", "spoken_name", "birth_year", "birth_date", "onboarded_at", "biographical_anchors", "life_status", "account_id", "created_at", "updated_at") VALUES ('0f9212a2-80fb-4648-9814-a32b56ec079d', 'Theo Marchetti', 'Theo', NULL, NULL, NULL, '{}', 'living', '0167fdf9-d059-4694-b137-bd5dcbc34deb', '2026-06-30 04:14:34.249+00', '2026-06-30 04:14:34.249+00');
INSERT INTO "persons" ("id", "display_name", "spoken_name", "birth_year", "birth_date", "onboarded_at", "biographical_anchors", "life_status", "account_id", "created_at", "updated_at") VALUES ('230f4a0b-3637-4ce5-8a72-e73d2c0e2067', 'Eleanor Boudreaux', 'Eleanor', '1956', '1956-12-18', '2026-06-30 15:19:34.821+00', '{"hometown": "Zachary, LA", "hasChildren": true, "siblingContext": "Youngest of five", "currentLocation": "New Orleans — moved from Mandeville in 2017, previously lived in Raleigh, NC from 1987-1991", "hasGrandchildren": true, "occupationSummary": "Worked at IBM and in the IBM ecosystem for most of their life, holding roles in development and sales."}', 'living', '4b36d9ab-a788-4a7e-94d4-6cfb062a6e38', '2026-06-30 15:19:06.935+00', '2026-06-30 15:35:12.319+00');

-- prose_revisions (2)
INSERT INTO "prose_revisions" ("id", "seq", "story_id", "level", "text", "model_id", "prompt_text", "actor_person_id", "created_at") VALUES ('17221d48-45c3-4e83-af21-3c45c7019178', '1', 'b2b05dc3-3e08-4e17-9c42-557e1b669c60', 'ai_transcribed', 'Oh, my grandmother. Her name was Odette and she lived down by the bayou. She used to say she could tell the weather by the way the Spanish moss moved. I must have been four or five the first time she let me help her shell butter beans on the porch. I can still smell that afternoon.', 'mock-whisper-turbo', NULL, NULL, '2026-06-30 04:14:34.09+00');
INSERT INTO "prose_revisions" ("id", "seq", "story_id", "level", "text", "model_id", "prompt_text", "actor_person_id", "created_at") VALUES ('1ebda418-4817-4260-a726-d76b2d40a1b4', '2', 'b2b05dc3-3e08-4e17-9c42-557e1b669c60', 'ai_polished', 'Her name was Odette, and she lived down by the bayou. She used to say she could tell the weather by the way the Spanish moss moved — and I believed her. My earliest memory of her is sitting on her porch, four or five years old, helping shell butter beans in the afternoon heat. I can still smell that afternoon.', 'mock-claude', '[dev-seed] representative render system prompt', NULL, '2026-06-30 04:14:34.098+00');

-- stories (6)
INSERT INTO "stories" ("id", "owner_person_id", "state", "audience_tier", "recording_media_id", "transcript", "transcript_word_timings", "prose", "title", "summary", "tags", "era_year", "era_label", "prompt_question", "ask_id", "approved_at", "created_at", "updated_at") VALUES ('4622e593-b45a-495c-ab83-23b83b4047d0', '94a20bc4-365c-43c9-81fe-1e0824663666', 'shared', 'family', '047fd6e7-a266-4f88-b332-a012243bf9fd', 'We met at a dance hall in 1961. He couldn''t dance a step, but he made me laugh.', NULL, 'We met at a dance hall in the autumn of 1961. He couldn''t dance a single step to save his life, but he made me laugh so hard I forgot to mind my own feet.', 'The dance at the Blue Room', 'Eleanor remembers the night she met Grandpa — and how badly he danced.', '["marriage", "family", "louisiana"]', '1961', 'the Blue Room', 'How did you and Grandpa meet?', NULL, '1961-10-12 00:00:00+00', '1961-10-12 00:00:00+00', '2026-06-30 04:14:34.423+00');
INSERT INTO "stories" ("id", "owner_person_id", "state", "audience_tier", "recording_media_id", "transcript", "transcript_word_timings", "prose", "title", "summary", "tags", "era_year", "era_label", "prompt_question", "ask_id", "approved_at", "created_at", "updated_at") VALUES ('b2b05dc3-3e08-4e17-9c42-557e1b669c60', '94a20bc4-365c-43c9-81fe-1e0824663666', 'pending_approval', 'private', '1b82b31b-d036-45ee-b3c4-7cf50f5dd928', 'Oh, my grandmother. Her name was Odette and she lived down by the bayou. She used to say she could tell the weather by the way the Spanish moss moved. I must have been four or five the first time she let me help her shell butter beans on the porch. I can still smell that afternoon.', NULL, 'Her name was Odette, and she lived down by the bayou. She used to say she could tell the weather by the way the Spanish moss moved — and I believed her. My earliest memory of her is sitting on her porch, four or five years old, helping shell butter beans in the afternoon heat. I can still smell that afternoon.', 'My grandmother Odette', 'Eleanor''s earliest memory of her grandmother shelling butter beans on the bayou porch.', '["grandparents", "childhood", "louisiana"]', '1947', 'the bayou', 'Grandma, what''s your earliest memory of your own grandmother?', '4c9e14c7-a7c1-4be0-aa5e-357abc734696', NULL, '2026-06-30 04:14:34.07+00', '2026-06-30 04:14:34.118+00');
INSERT INTO "stories" ("id", "owner_person_id", "state", "audience_tier", "recording_media_id", "transcript", "transcript_word_timings", "prose", "title", "summary", "tags", "era_year", "era_label", "prompt_question", "ask_id", "approved_at", "created_at", "updated_at") VALUES ('cbd7309a-1d00-46de-b63f-15c16a782260', '94a20bc4-365c-43c9-81fe-1e0824663666', 'shared', 'family', '42cedf78-0a06-4dee-8575-58432deefa90', 'The house on Cherry Street had a wide front porch where my mother kept her ferns. In the summer the cicadas would start up at dusk and you could hear them from the kitchen.', NULL, 'The house on Cherry Street had a wide front porch where my mother kept her ferns. In summer, the cicadas would start up at dusk, loud enough to carry into the kitchen.', 'The porch on Cherry Street', 'Eleanor remembers her mother''s ferns and the cicadas at dusk.', '["childhood", "house", "louisiana"]', '1958', 'Cherry Street', 'Tell me about the house you grew up in.', NULL, '1958-06-15 00:00:00+00', '1958-06-15 00:00:00+00', '2026-06-30 04:14:34.365+00');
INSERT INTO "stories" ("id", "owner_person_id", "state", "audience_tier", "recording_media_id", "transcript", "transcript_word_timings", "prose", "title", "summary", "tags", "era_year", "era_label", "prompt_question", "ask_id", "approved_at", "created_at", "updated_at") VALUES ('2989a033-a201-4983-bdef-9a7cf9d14dd6', '94a20bc4-365c-43c9-81fe-1e0824663666', 'shared', 'family', 'da3cefcd-6a51-4540-8f1f-26ada04d0cf9', 'We married in the spring of 1963. It rained, and everyone said that was good luck.', NULL, 'We married on a wet morning in the spring of 1963. It poured the whole way to the church, and every aunt I had told me rain on your wedding day was the best luck a marriage could ask for.', 'Rain on the wedding', 'A rainy 1963 wedding that the whole family swore was good luck.', '["marriage", "family"]', '1963', NULL, 'What was your wedding day like?', NULL, '1963-04-06 00:00:00+00', '1963-04-06 00:00:00+00', '2026-06-30 04:14:34.468+00');
INSERT INTO "stories" ("id", "owner_person_id", "state", "audience_tier", "recording_media_id", "transcript", "transcript_word_timings", "prose", "title", "summary", "tags", "era_year", "era_label", "prompt_question", "ask_id", "approved_at", "created_at", "updated_at") VALUES ('586f96b5-182f-4f6b-83a1-37d355efe2e5', '94a20bc4-365c-43c9-81fe-1e0824663666', 'shared', 'family', 'f8322a92-5d28-44a6-a64b-0a4ae8a06339', 'Your father was born in 1965, and the house got a lot louder after that.', NULL, 'Your father came along in 1965, and that little house on Cherry Street got a great deal louder — and a great deal happier — overnight.', 'The house gets louder', 'Eleanor on the year her first child was born.', '["birth", "family", "house"]', '1965', 'Cherry Street', 'Tell me about the year the children were born.', NULL, '1965-07-22 00:00:00+00', '1965-07-22 00:00:00+00', '2026-06-30 04:14:34.515+00');
INSERT INTO "stories" ("id", "owner_person_id", "state", "audience_tier", "recording_media_id", "transcript", "transcript_word_timings", "prose", "title", "summary", "tags", "era_year", "era_label", "prompt_question", "ask_id", "approved_at", "created_at", "updated_at") VALUES ('d708360a-f737-4936-a0fa-0d2db02c529e', '94a20bc4-365c-43c9-81fe-1e0824663666', 'shared', 'family', 'e07fddb6-5ed9-4b4f-9b0a-c3b8e51f186f', 'I taught school for thirty years, third grade mostly. I loved the noisy ones.', NULL, 'I taught school for thirty years — third grade, mostly. People always pity the teacher with the noisy class, but those were the ones I loved best.', 'Thirty years of third grade', 'Eleanor''s decades teaching — and her soft spot for the loud kids.', '["work", "louisiana"]', '1974', NULL, 'What work did you do?', NULL, '1974-09-03 00:00:00+00', '1974-09-03 00:00:00+00', '2026-06-30 04:14:34.561+00');

SET session_replication_role = DEFAULT;
